File name:  Field_measurements_Lago_Curuai.csv,,,,,,,,,,,,,,,
File date:,2-Aug-12,,,,,,,,,,,,,,
Associated LBA Data Set Inventory ID: ,LC07_Curuai_Chl,,,,,,,,,,,,,,
,,,,,,,,,,,,,,,
Column,Heading,Units/format,Description,,,,,,,,,,,,
1,Date,YYYYMMDD,Sampling date,,,,,,,,,,,,
2,Time,HH:MM,Sampling time in local time (local time is UTC-3),,,,,,,,,,,,
3,Longitude,decimal degrees,Longitude of sampling location,,,,,,,,,,,,
4,Latitude,decimal degrees,Latitude of sampling location,,,,,,,,,,,,
5,TSS,mg/L, Concentration of total suspended solids reported in milligrams per liter (mg/L) and determined in samples filtered using Whatman GF/C 47mm circles,,,,,,,,,,,,
6,ISS,mg/L,Concentration of inorganic suspended solids reported in milligrams per liter (mg/L) and determined by ignition of volatile suspended solids at 480 deg. Celsius,,,,,,,,,,,,
7,OSS,mg/L,Concentration of organic suspended solids concentration reported in milligrams per liter (mg/L) and calculated as the difference between measured total suspended solids and inorganic suspended solids.,,,,,,,,,,,,
8,Chlorophyll_a,ug/L,Chlorophyll-a concentration reported  in micograms per liter (ug/L) and determined spectrophotometrically; samples filtered using Whatman GF/F 47mm circles,,,,,,,,,,,,
9,DIC,mg/L,Dissolved inorganic carbon concentration reported in milligrams per liter (mg/L) and determined using a Shimadzu TOC 5000A carbon analyzer calibrated with potassium biphthalate,,,,,,,,,,,,
10,DOC,mg/L,Dissolved organic carbon reported in milligrams per liter (mg/L) and determined using a Shimadzu TOC 5000A carbon analyzer calibrated with potassium biphthalate,,,,,,,,,,,,
11,Transparency,m,Transparency  reported as Secchi depth in meters (m) and measured using a 20 cm diameter Secchi disk,,,,,,,,,,,,
12,Turbidity,NTU,Turbidity reported in nephelometric turbidity units (NTU) and measured using Horiba U-10,,,,,,,,,,,,
13,Temperature,degrees C,Temperature reported in degrees Celsius and measured using Horiba U-10,,,,,,,,,,,,
14,pH,,pH measured using Horiba U-10,,,,,,,,,,,,
15,Conductivity,mS/cm,Conductivity reported in millisiemens per centimeter (mS/cm) and measured using Horiba U-10,,,,,,,,,,,,
16,CO2,umol CO2/L,"Carbon dioxide concentration reported in micromoles of carbon dioxide per liter (umol CO2/L) calculated from pH, dissolved inorganic carbon, temperature, and conductivity as described in Rudorff et al. (2011)",,,,,,,,,,,,
,,,,,,,,,,,,,,,
,,,,,,,,,,,,,,,
,In September 2003 water was collected with a cylindrical sampler which integrated the water column from surface to the Secchi depth.,,,,,,,,,,,,,,
,"In November 2003 and February 2004, samples were collected at subsurface (approximately 0.4 m below the surface).  ",,,,,,,,,,,,,,
,In June 2004 samples were taken at 0.5 m below the surface.,,,,,,,,,,,,,,
,missing data are represented by -9999,,,,,,,,,,,,,,
,,,,,,,,,,,,,,,
,,,,,,,,,,,,,,,
Date,Time,Longitude,Latitude,TSS,ISS,OSS,Chlorophyll_a,DIC,DOC,Transparency,Turbidity,Temperature,pH,Conductivity,CO2
20030925,10:25,-55.789501,-2.20678,35.343,28.25,7.093,24.4064,17.45,18.82,0.3,123,32.5,6.45,21,607.95
20030925,12:07,-55.852402,-2.19675,94.62,59.347,35.273,205.797,4.764,9.242,0.12,205,34.7,8.37,25,3.29
20030925,12:30,-55.823399,-2.17569,49.888,40.14,9.748,47.7484,11.37,8.796,0.2,161,34.5,8.27,33,9.89
20030925,12:50,-55.8368,-2.16275,55.792,41.196,14.596,54.1705,10.35,7.447,0.2,210,35.4,8.39,33,6.77
20030925,13:40,-55.780701,-2.14625,48.01,32.818,15.192,79.5686,7.092,7.863,0.2,177,35.3,8.8,34,1.77
20030925,14:22,-55.7584,-2.16606,52.5,41.893,10.608,19.4477,10.14,8.719,0.2,131,33.4,7.51,31,49.18
20030925,15:15,-55.773602,-2.10931,68.86,50.123,18.737,65.0191,8.77,13.05,0.12,229,38,8.74,34,2.49
20030925,15:35,-55.7537,-2.09094,79.063,64.077,14.987,26.4624,12.54,7.444,0.1,260,36,6.63,35,329.18
20030926,10:05,-55.736599,-2.15489,311.37,63.63,247.74,1951.88,10.28,28.65,-9999,180,34.1,8.64,37,3.79
20030926,10:45,-55.695099,-2.14875,65.55,29.933,35.617,186.495,8.705,8.408,0.13,130,36.3,9.19,43,0.83
20030926,11:19,-55.652199,-2.14206,58.57,20.473,38.097,188.478,10.61,6.579,0.18,153,36.8,9.22,46,0.94
20030926,11:31,-55.637798,-2.11842,40.574,27.982,12.592,50.1286,14.4,-9999,0.3,140,34.7,8.6,40,5.79
20030926,12:12,-55.672798,-2.06036,58.235,44.55,13.685,60.1572,14.48,31.52,0.22,116,34.3,8.56,41,6.42
20030926,12:35,-55.665699,-2.07428,42.42,26.07,16.35,84.2056,14.2,11.86,0.28,105,34,7.32,40,102.7
20030926,13:44,-55.647301,-2.17736,62.847,20.837,42.01,337.529,2.616,6.211,0.25,124,34.1,9.16,39,0.28
20030926,14:10,-55.608601,-2.16767,40.632,27.914,12.718,46.4713,11.9,7.075,0.28,70,32.8,8.22,38,11.75
20030927,9:43,-55.440201,-2.14611,32.038,20.85,11.188,54.8115,15.52,10.95,0.42,67,30.6,7.54,37,72.07
20030927,10:30,-55.458099,-2.15481,40.836,30.578,10.258,37.2989,14.22,7.548,0.3,84,31.5,7.33,35,102.83
20030927,11:28,-55.480202,-2.16525,39.926,27.332,12.594,62.7841,13.55,6.022,0.35,157,32.7,8.44,35,8.06
20030927,12:08,-55.5009,-2.16494,56.21,42.776,13.434,48.8805,12.44,-9999,0.22,104,32.2,7.94,32,23.42
20030927,12:42,-55.534199,-2.17203,59.628,46.885,12.743,44.6716,11.66,11.07,0.28,138,32.7,7.97,32,20.42
20030927,14:25,-55.513699,-2.14269,41.265,29.638,11.628,43.975,14.44,9.401,0.3,107,32,8.02,36,22.69
20030928,9:43,-55.526001,-2.02697,5.463,2.267,3.196,14.3136,13.91,8.923,0.7,12,30.4,6.4,36,521.36
20030928,10:20,-55.525101,-2.04061,82.903,66.523,16.38,30.5745,10.51,24.62,0.14,311,32.4,6.64,33,276.87
20030928,10:58,-55.469601,-2.03794,41.555,34.293,7.263,8.33058,12.3,20.71,0.25,262,32.3,6.85,33,227.5
20030928,11:22,-55.457802,-2.05156,27.382,22.724,4.658,5.61177,13.28,-9999,0.45,112,31.8,6.89,34,229.23
20030928,11:43,-55.437401,-2.07031,63.425,54.153,9.272,8.88933,11.4,6.853,0.2,227,31.8,6.83,32,219.32
20030928,12:28,-55.4883,-2.06656,31.08,25.212,5.868,12.2637,12.14,11.76,0.37,91,32.7,7.36,34,81.62
20030928,12:51,-55.529999,-2.07625,45.05,35.387,9.663,20.1008,12.69,8.758,0.2,134,32.7,6.93,36,202.07
20030928,13:28,-55.554798,-2.07083,90.327,64.403,25.923,113.058,6.906,11.81,0.15,200,32.2,6.81,45,136.91
20030929,9:20,-55.615101,-2.13692,40.276,31.838,8.438,20.9861,15.96,12.09,0.4,111,30.4,7.36,39,109.26
20030929,9:42,-55.576199,-2.11461,61.953,51.758,10.195,20.7176,15.21,8.833,0.25,138,30.8,7.15,37,160.26
20030929,11:40,-55.697498,-2.10497,54.173,39.383,14.79,49.8891,13.75,6.329,0.25,118,32.2,8.04,42,20.57
20030929,13:40,-55.570801,-2.15125,52.603,35.835,16.768,62.697,13.36,6.548,0.25,181,36.2,8.88,39,2.74
20030929,14:23,-55.532398,-2.12303,50.938,41.038,9.9,23.9178,14.73,8.478,0.28,147,34.9,8.48,37,7.84
20030929,14:33,-55.549099,-2.13619,51.03,35.208,15.822,60.9192,11.45,7.562,0.28,111,33.8,8.75,38,3.26
20030930,10:19,-55.500401,-2.09703,101.333,79.445,21.888,103.092,13.66,8.814,0.27,195,31.1,7.8,36,35.55
20030930,12:16,-55.464199,-2.1005,69.32,55.228,14.093,41.798,12.55,7.767,0.25,184,31.3,7.51,35,61.85
20031001,10:58,-55.464802,-2.12086,79.95,63.883,16.068,46.9502,12.32,4.881,0.25,161,30.9,7.37,35,82.3
20031001,11:56,-55.485699,-2.12764,63.653,52.75,10.903,24.999,14.12,8.412,0.3,154,30.7,7.01,35,196.24
20031001,13:24,-55.4384,-2.10881,73.178,59.025,14.153,36.8272,13.61,-9999,0.22,157,31.1,7.75,35,39.62
20031002,10:26,-55.389702,-2.08567,132.923,113.23,19.693,36.4281,11.21,7.454,0.13,292,31.7,6.76,34,243.59
20031002,10:48,-55.405102,-2.09789,79.87,61.22,18.65,63.8581,11.55,6.399,0.15,170,31.4,7.52,35,55.65
20031002,11:11,-55.4123,-2.12028,60.898,44.973,15.925,84.6482,12.03,4.709,0.28,140,31.4,7.94,35,22.79
20031002,12:44,-55.389702,-2.13325,68.53,55.058,13.473,34.3237,12.1,5.269,0.28,166,31.8,6.98,34,176.6
20031002,13:41,-55.350399,-2.14497,74.7,61.31,13.39,36.8635,15.57,5.303,0.25,174,32.2,7.03,35,205.78
20031003,10:13,-55.401001,-2.16944,87.523,56.687,30.837,204.297,15.04,6.558,0.17,200,31.3,7.3,37,115.96
20031003,11:10,-55.3591,-2.17733,62.705,46.525,16.18,77.007,13,4.935,0.2,150,31.1,7.81,35,33.09
20031003,12:50,-55.2971,-2.16356,92.688,78.853,13.835,29.4981,11.43,4.935,0.15,224,31.7,7.12,34,127.07
20031003,13:40,-55.261299,-2.16872,130.493,112.855,17.638,37.2989,11.29,5.038,0.1,265,31.7,7.14,34,120.58
20031004,10:03,-55.626598,-2.25875,45.445,32.823,12.623,54.6857,4.977,5.949,0.15,110,31.2,6.52,19,158.71
20031004,10:42,-55.568401,-2.24719,57.078,41.888,15.19,53.1546,7.008,4.709,0.2,131,30.9,7.05,23,90.35
20031004,11:23,-55.497898,-2.22819,42.476,29.012,13.464,73.64,8.527,4.585,0.25,93,31,7.84,27,20.37
20031004,12:38,-55.424999,-2.25914,58.878,40.165,18.713,102.935,11.74,4.672,0.2,124,31.3,8.37,35,8.32
20031005,9:52,-55.336601,-2.26214,95.47,75.155,20.315,77.5005,12.35,7.841,0.15,175,30.6,7.32,35,91.92
20031005,12:10,-55.3414,-2.22392,84.193,70.103,14.09,46.926,13.58,4.685,0.15,190,30.9,7.4,34,85.13
20031005,13:15,-55.266998,-2.20264,65.743,48.11,17.633,80.8385,12.58,6.817,0.18,161,31.3,8.42,36,7.94
20031005,14:00,-55.2197,-2.18567,116.077,99.86,16.217,35.0736,11.84,5.72,0.1,268,31.2,7.2,34,112.44
20031006,9:15,-55.300999,-2.27797,18.479,5.446,13.033,69.257,9.932,4.201,0.55,41,31.5,6.95,24,154.17
20031006,10:05,-55.269199,-2.23922,62.578,45.733,16.845,86.4624,12.27,5.326,0.18,123,31.2,8.08,35,16.95
20031006,10:33,-55.2379,-2.24911,22.005,10.517,11.488,67.9702,10.53,4.946,0.45,65,31.8,8.6,29,4.36
20031006,11:54,-55.187599,-2.21728,56.718,37.595,19.123,99.0163,11.98,4.996,0.15,161,31.9,8.84,36,2.8
20031006,13:11,-55.1064,-2.24047,65.885,54.99,10.895,24.7813,12.51,6.821,0.12,178,32.2,7.06,35,155.95
20031006,13:44,-55.078499,-2.22081,27.493,23.833,3.66,4.1544,12.26,4.471,0.35,59,30.9,6.86,35,224.86
20031007,9:50,-55.541698,-2.25506,59.083,42.868,16.215,79.6412,8.247,5.111,0.18,119,30.9,7.08,24,100.24
20031007,10:36,-55.459801,-2.26197,88.343,68.337,20.007,70.1471,9.245,4.375,0.2,188,31,7.13,26,101.62
20031007,10:52,-55.4436,-2.28264,54.137,33.573,20.563,135.311,8.446,4.491,0.2,137,31.4,8.07,26,11.95
20031007,12:17,-55.2971,-2.24894,105.593,87.737,17.857,62.1649,12.81,4.53,0.15,199,31.2,7.39,35,81.79
20031007,12:47,-55.3032,-2.22319,127.053,105.133,21.92,74.1625,12.38,4.643,0.1,238,31.2,7.44,34,71.05
20031007,13:03,-55.3274,-2.19397,74.628,59.844,14.784,43.8299,12.5,4.789,0.15,204,31.3,7.52,34,60.3
20031007,13:24,-55.267799,-2.17964,156.188,132.46,23.728,37.8069,-9999,5.574,0.1,355,31.3,7.02,33,-9999
20031007,13:40,-55.230999,-2.20094,85.003,66.68,18.323,79.7258,10.99,9.706,0.12,209,31.5,8.3,35,9.14
20031122,9:15,-55.407501,-2.1375,584.47,506.53,77.94,31.929,5.904,6.6,0.07,973,30,7.01,35,82.47
20031122,10:42,-55.4384,-2.10925,562.28,486.73,75.55,35.055,7.91,5.107,0.07,995,30.2,7.04,34,104.21
20031122,11:17,-55.457901,-2.10522,578.37,508.88,69.49,42.7581,8.233,5.692,0.07,999,30.9,7.1,34,95.83
20031122,11:53,-55.414501,-2.10464,796.65,704.56,92.09,37.511,7.997,5.793,0.06,999,31.1,7,34,113
20031122,12:41,-55.394199,-2.09964,910.74,806.52,104.22,38.7391,6.475,7.765,0.06,999,31.5,6.78,35,136.22
20031122,13:02,-55.407001,-2.11892,766.92,672.69,94.23,39.1856,8.592,5.085,0.06,999,31.7,6.96,34,130.31
20031122,13:34,-55.3843,-2.13364,642.65,565.04,77.61,32.7105,7.307,5.211,0.06,999,31.9,6.91,36,121.48
20031122,13:51,-55.389801,-2.15117,506.96,452.8,54.16,27.5751,7.907,5.288,0.06,855,32,6.92,36,128.95
20031123,10:20,-55.536201,-2.12236,611.65,519.07,92.58,36.9528,6.154,6.186,0.07,913,30.3,6.74,33,139.63
20031123,11:23,-55.549801,-2.13644,483.54,409.8,73.74,37.9576,9.598,8.776,0.07,737,31.2,7.04,38,125.3
20031123,11:57,-55.570599,-2.15106,333.53,282.72,50.81,32.1523,6.219,5.808,0.07,607,31.9,7,33,87.34
20031123,12:46,-55.607601,-2.17347,461.4,404.25,57.15,40.7486,9.011,5.932,0.07,741,32,7.15,42,93.88
20031123,13:27,-55.632599,-2.17994,475.16,425.74,49.42,47.5586,7.554,5.367,0.07,778,32.1,7.01,33,103.85
20031123,14:57,-55.533298,-2.16372,343.65,293.57,50.08,23.4444,5.32,6.299,0.07,626,32.6,6.75,28,117.07
20031124,9:26,-55.458401,-2.25342,832.07,734.12,97.95,36.5481,8.04,5.61,0.07,999,29.6,6.86,35,148.96
20031124,10:00,-55.411598,-2.26039,711.31,624.18,87.13,25.3702,5.182,4.384,0.07,989,29.9,6.5,25,170.87
20031124,10:56,-55.361801,-2.27836,579.29,504.73,74.56,39.8136,4.279,4.631,0.07,812,30.5,6.61,26,119.74
20031124,11:25,-55.342999,-2.24828,685.93,608.2,77.73,26.6261,8.146,5.062,0.07,999,30.8,6.99,35,117.59
20031124,11:50,-55.362099,-2.22239,657.99,586.44,71.55,35.1666,9.435,5.766,0.07,999,30.7,7.12,37,105.72
20031124,12:43,-55.2999,-2.22656,632.31,564.97,67.34,30.8964,7.567,4.874,0.07,999,31.4,7,35,106.65
20031124,13:05,-55.266899,-2.23714,638.16,563.13,75.03,26.1238,8.146,5.568,0.07,999,31.5,6.99,35,116.94
20031124,13:50,-55.202301,-2.22992,85.815,75.323,10.493,4.91914,11.82,5.008,0.12,201,31.9,6.89,45,203.33
20031125,9:40,-55.237202,-2.21619,148.733,133.927,14.807,15.1791,13.3,4.081,0.1,297,30.5,7.14,43,143.12
20031125,10:35,-55.2281,-2.19564,222.877,200.777,22.1,18.161,13.08,3.904,0.1,436,30.9,7.16,44,134.7
20031125,11:18,-55.266201,-2.1765,666.25,621.18,45.07,31.2732,9.831,4.924,0.07,999,31,6.99,37,141.52
20031125,11:58,-55.2794,-2.20439,633.76,564.71,69.05,26.375,8.318,4.864,0.07,999,31.2,6.95,34,129.09
20031126,9:53,-55.6185,-2.135,435.78,394.28,41.5,37.511,10.03,5.912,0.07,744,29.9,7.08,39,122.36
20031126,10:20,-55.613998,-2.11442,733.22,641.79,91.43,49.5682,12.56,6.586,0.07,999,30.3,7.23,45,112.7
20031126,10:40,-55.6488,-2.10794,838.19,735.74,102.45,44.5444,13.31,6.943,0.07,999,30.4,7.2,45,126.89
20031126,11:02,-55.6605,-2.08092,596.16,526.08,70.08,21.2116,7.275,11.38,0.07,904,30.8,6.87,43,130.98
20031126,11:22,-55.670101,-2.08844,585.92,503.21,82.71,26.1238,5.828,8.408,0.07,943,30.9,6.84,43,110.61
20031126,11:38,-55.6707,-2.07714,922.69,804.32,118.37,35.1666,6.372,9.296,0.07,999,31.1,6.61,44,176.82
20031126,11:57,-55.654999,-2.06783,717.21,628.98,88.23,29.2497,4.439,8.635,0.07,999,31.4,6.84,44,83.91
20031126,12:35,-55.636501,-2.12194,876.46,773.16,103.3,39.6322,11.61,6.649,0.07,999,31.3,7.17,47,116.69
20031126,13:18,-55.705299,-2.13367,920.25,801.52,118.73,87.8607,18.48,8.067,0.07,999,32,7.39,64,116.33
20031126,13:34,-55.715,-2.15028,980.85,864.69,116.16,74.3801,18.53,7.207,0.07,999,32.3,7.3,62,140.8
20031126,13:55,-55.673599,-2.15078,781.15,677.68,103.47,62.937,12.94,6.749,0.07,999,32.1,7.13,48,140.05
20031126,14:07,-55.651199,-2.14214,836.9,735.74,101.16,46.6841,12.87,6.422,0.07,999,31.9,7.1,45,148.22
20031127,10:25,-55.226398,-2.26814,158.356,126.45,31.906,86.2838,2.892,4.896,0.09,267,30.7,6.13,17,145.56
20031127,11:34,-55.263401,-2.27206,184.725,150.413,34.313,82.5913,2.986,4.041,0.09,217,30.8,5.15,13,233.03
20031127,12:20,-55.298901,-2.28044,12.743,9,3.743,0.796631,1.426,1.037,0,39,31.5,4.66,4,116.48
20031127,13:00,-55.3381,-2.29992,32.54,24.076,8.464,14.8659,1.134,2.732,0.35,58,30,4.93,2,90.42
20031128,9:45,-55.7612,-2.15503,772.7,694.33,78.37,21.0441,2.137,6.713,0.06,999,30.7,6.35,26,85.33
20031128,10:08,-55.773998,-2.15169,1137.75,1007.06,130.69,26.6075,1.847,5.994,0.06,999,30.5,6.25,28,82.67
20031128,10:39,-55.765099,-2.16469,816.46,713.26,103.2,24.6724,3.098,5.377,0.06,999,30.9,6.32,28,127.9
20031128,11:03,-55.7985,-2.17653,446.23,390.81,55.42,26.8494,3.783,7.741,0.07,910,31.4,6.55,23,115.12
20031128,11:46,-55.830601,-2.16364,110.79,95.565,15.225,23.584,9.59,4.482,0.11,279,32.3,7.2,32,90.32
20031128,12:12,-55.825901,-2.18561,286.87,259.03,27.84,18.5769,4.533,4.817,0.08,679,32.1,6.7,24,108.82
20031128,12:47,-55.850399,-2.19867,515.39,444.78,70.61,27.696,1.855,5.108,0.06,934,32.6,5.9,24,111.21
20031128,13:20,-55.7971,-2.20108,252.52,208.07,44.45,21.407,0.736,4.948,0.08,540,32.3,5.8,14,47.05
20031128,13:37,-55.8172,-2.22117,475.74,405.81,69.93,20.8023,0.911,4.728,0.07,795,33,5.1,15,71.33
20031129,10:20,-55.464401,-2.20558,436.21,369.53,66.68,34.7107,5.2,7.103,0.07,701,31,6.3,36,219.12
20031129,11:04,-55.511398,-2.21661,552.94,468.69,84.25,31.2034,3.793,7.05,0.06,838,31.2,6.4,34,141.5
20031129,11:44,-55.519001,-2.25131,593.06,494.46,98.6,27.696,2.597,6.104,0.07,808,32,6.1,24,133.73
20031129,12:31,-55.601601,-2.23397,253.31,207.58,45.73,18.7946,1.131,5.265,0.08,508,31.6,6,17,63.22
20031129,13:38,-55.680302,-2.23619,59.353,40.973,18.38,21.4876,0.76,3.328,0.2,120,33.8,5,3,60.3
20031130,9:38,-55.522598,-2.07717,739.27,640.31,98.96,49.2239,8.972,7.121,0.06,999,30.1,6.8,46,183.56
20031130,10:06,-55.490601,-2.06517,583.77,500.84,82.93,38.0971,6.805,7.415,0.07,915,30.6,6.8,39,139.05
20031130,10:27,-55.4827,-2.05014,561.24,484.2,77.04,22.6164,7.502,7.401,0.07,958,30.6,6.8,39,153.14
20031130,11:03,-55.479401,-2.0735,580.43,500.7,79.73,36.0411,6.632,6.372,0.06,941,31,6.9,40,112.86
20031130,11:27,-55.459599,-2.07575,518.76,456.99,61.77,23.9468,6.618,5.576,0.06,918,31.4,6.8,37,134.46
20031130,12:12,-55.5037,-2.07314,736.28,633.67,102.61,45.5956,7.253,6.369,0.06,999,31.7,6.8,40,146.84
20031130,13:09,-55.456402,-2.12656,651.99,569.69,82.3,32.8966,7.38,6.022,0.06,999,32.1,7,36,103.39
20031130,13:52,-55.439899,-2.14617,359.47,301.94,57.53,33.6222,7.595,6.376,0.06,606,32.6,6.8,38,153.08
20031201,9:30,-55.691399,-2.17797,224.48,192.65,31.83,19.4477,5.109,9.759,0.07,534,30.4,6.6,31,145.07
20031201,12:20,-55.513302,-2.14283,619.62,545.29,74.33,31.6872,6.835,6.929,0.06,999,32.7,6.9,37,115.1
20031201,12:53,-55.506001,-2.16572,446.17,377.7,68.47,26.7517,7.717,5.791,0.06,732,32.6,7,37,107.74
20031201,13:38,-55.480099,-2.16522,327.77,282.97,44.8,18.0857,9.176,8.794,0.06,580,32.4,6.8,44,184.89
20031201,14:17,-55.456902,-2.15733,421.43,358.33,63.1,32.7943,9.228,6.097,0.06,708,32.4,7,37,128.99
20031202,10:24,-55.343399,-2.14631,394.11,346.23,47.88,23.2211,8.614,8.345,0.07,733,30.8,6.8,37,175.63
20031202,11:23,-55.364601,-2.17414,188.605,162.795,25.81,30.4052,12.57,4.597,0.09,380,31.2,7.2,42,119.11
20031202,13:27,-55.0704,-2.22728,66.28,60.858,5.422,2.45608,15.11,4.838,0.2,169,30.9,6.5,49,493.12
20031202,13:40,-55.067001,-2.22336,53.944,48.944,5,1.61878,15.22,-9999,0.2,197,30.6,6.5,49,497.59
20040203,10:33,-55.1064,-2.23903,110.428,98.64,11.788,1.005,20.2,7.594,0.12,304,30,6.7,51,489.15
20040203,11:55,-55.154202,-2.19842,64.298,52.392,11.905,10.885,-9999,-9999,0.12,207,32.9,7.4,52,-9999
20040203,12:46,-55.187599,-2.21708,70.778,60.648,10.13,3.623,20.33,8.356,0.12,219,31.6,7.47,51,108.49
20040203,13:30,-55.233002,-2.20908,63.633,53.02,10.613,10.073,19.86,4.294,0.12,198,36.4,7.94,51,36.03
20040203,13:40,-55.219601,-2.18581,76.36,62.463,13.898,12.701,19.89,6.304,0.12,239,33,7.91,54,39.55
20040203,14:06,-55.238998,-2.24719,70.14,55.984,14.193,13.036,15.95,5.667,0.13,180,33.7,7.4,45,97.43
20040204,10:42,-55.626801,-2.25875,92.807,77.827,14.98,5.258,3.125,9.418,0.1,246,29.9,6.2,18,147.94
20040204,11:23,-55.541698,-2.25533,171.79,146.677,25.113,6.899,6.984,5.165,0.09,323,30.1,6.93,29,113.56
20040204,11:44,-55.498001,-2.22825,192.38,163.867,28.513,7.954,8.908,4.834,0.1,326,29.5,7.08,33,109.26
20040204,12:42,-55.4431,-2.28281,138.815,116.165,22.65,11.68,10.64,6.526,0.1,273,30.8,7.08,36,128.91
20040204,13:20,-55.425098,-2.25903,138.777,123.183,15.593,10.643,15.27,5.293,0.1,286,29.9,7.4,46,96.28
20040205,9:50,-55.3367,-2.26242,122.02,111.06,10.96,2.746,19.22,6.519,0.1,313,29.1,7.55,51,88.27
20040205,10:10,-55.2999,-2.2685,86.598,75.358,11.24,0.213,15.02,4.901,0.12,196,30.1,7.12,43,168.8
20040205,10:35,-55.341202,-2.22375,118.67,106.693,11.977,4.99,18.21,4.641,0.11,271,29.1,7.51,49,91.27
20040205,11:53,-55.269199,-2.23908,111.104,94.127,16.977,1.265,15,4.557,0.1,226,29.8,7.34,45,107.53
20040205,12:22,-55.266998,-2.20272,77.685,66.863,10.823,5.328,17.89,3.793,0.1,208,30.5,7.61,50,71.09
20040205,13:22,-55.261101,-2.16872,68.9,59.088,9.812,8.06,19.41,4.52,0.11,219,30.7,7.69,52,64.49
20040205,13:45,-55.297199,-2.16358,91.44,80.72,10.72,8.115,19.37,5.982,0.11,229,30.4,7.52,53,93.71
20040206,10:00,-55.527599,-2.03231,97.969,79.396,18.573,17.788,19.57,5.914,0.1,212,29.7,6.68,55,490.21
20040206,10:26,-55.524899,-2.04028,115.719,94.427,21.292,14.476,18,5.524,0.1,261,30.1,7.1,53,209.99
20040206,10:53,-55.530201,-2.07625,84.93,70.02,14.91,11.052,17.21,6.048,0.1,216,31.3,7.44,50,98.25
20040206,11:03,-55.5546,-2.07078,157.604,135.323,22.281,16.299,16.32,7.357,0.1,308,30.1,7.24,49,143.57
20040206,11:32,-55.488201,-2.06686,84.28,73.903,10.377,10.596,18.1,6.651,0.1,211,29.8,7.48,50,96.12
20040206,11:50,-55.469601,-2.03764,128.058,110.292,17.765,9.936,16.75,4.579,0.1,271,30.1,7.42,49,100.93
20040206,12:11,-55.4575,-2.05144,107.01,92.397,14.613,1.827,20.04,7.598,0.1,304,30.6,6.82,51,394.09
20040206,12:37,-55.437,-2.0705,209.665,183.615,26.05,4.131,12.82,4.521,0.05,432,30.7,7.07,45,158.17
20040206,13:12,-55.500401,-2.09731,71.27,60.055,11.215,11.825,18.88,3.487,0.1,195,33.2,7.71,53,58.7
20040206,13:48,-55.4645,-2.10011,71.573,60.77,10.803,10.872,19.39,4.457,0.1,185,32,7.75,54,55.69
20040207,9:27,-55.3591,-2.17731,87.465,77.63,9.835,7.508,19.36,4.074,0.12,228,29.1,7.53,52,92.84
20040207,10:05,-55.400902,-2.16947,48.018,40.703,7.315,12.655,21.95,8.633,0.15,135,29.5,7.24,55,193.89
20040207,11:31,-55.3895,-2.13317,58,47.688,10.312,6.955,20.87,4.815,0.12,161,30.2,7.37,54,139.58
20040207,11:41,-55.412102,-2.12017,49.931,41.755,8.176,8.631,20.51,4.412,0.12,167,30.6,7.52,54,99.02
20040207,12:07,-55.392399,-2.08589,52.802,46.917,5.886,9.132,17.01,4.488,0.12,142,31.1,7.52,53,81.77
20040207,12:20,-55.4039,-2.10478,50.526,42.92,7.607,11.618,18.89,4.205,0.12,152,30.8,7.56,54,83.43
20040207,12:58,-55.438301,-2.10919,49.58,41.253,8.328,7.057,20.54,3.259,0.12,151,30.9,7.6,55,83.01
20040207,13:25,-55.464699,-2.12064,51.903,42.403,9.5,7.775,20.19,3.485,0.12,183,31.3,7.6,55,81.3
20040208,9:15,-55.513699,-2.14272,60.85,52.702,8.148,5.048,20.14,4.508,0.12,174,29.2,7.18,53,201.77
20040208,9:32,-55.485699,-2.12772,53.598,45.302,8.295,5.649,20.13,4.701,0.12,142,29.1,7.35,53,141.96
20040208,9:55,-55.439899,-2.14614,50.022,41.089,8.933,5.733,21.32,3.33,0.13,130,29.3,7.21,53,200.75
20040208,10:13,-55.457802,-2.15486,58.733,48.655,10.079,6.319,21.5,3.8,0.13,158,29.1,7.19,54,211.21
20040208,10:40,-55.48,-2.16525,45.198,35.855,9.343,6.654,20.47,4.92,0.15,126,29.6,7.2,54,196.13
20040208,10:55,-55.5009,-2.16483,58.538,49.562,8.976,5.917,20.17,3.663,0.13,159,29.1,7.12,52,228.23
20040208,11:16,-55.534,-2.172,56.443,48.429,8.014,6.877,18.86,4.904,0.13,150,29.8,7.27,52,156.25
20040208,12:10,-55.5322,-2.12347,110.925,95.26,15.665,7.935,17.43,2.813,0.09,251,29.9,7.43,49,103
20040208,12:23,-55.543701,-2.13647,99.755,85.47,14.285,8.528,17.16,6.352,0.09,212,29.9,7.34,50,122.74
20040208,12:37,-55.5704,-2.15111,92.098,77.873,14.225,8.68,18.45,3.14,0.1,198,30.2,7.37,51,123.49
20040208,13:22,-55.647099,-2.17731,92.418,79.935,12.483,10.2,16.22,4.912,0.1,217,30.8,7.23,48,144.8
20040208,13:34,-55.608501,-2.16747,60.655,49.86,10.795,8.373,19.27,4.984,0.1,155,30.4,7.41,52,118.2
20040209,9:10,-55.672901,-2.0605,280.041,247.945,32.095,8.239,12.44,5.314,0.05,452,28.7,6.98,43,185.83
20040209,9:27,-55.6656,-2.07433,256.365,225.86,30.505,5.895,11.52,6.322,0.05,445,28.6,6.92,42,192.69
20040209,10:33,-55.637699,-2.11853,106.808,91.004,15.804,6.363,15.97,4.868,0.09,263,28.8,7.33,48,117.96
20040209,10:55,-55.697498,-2.10489,210.255,180.91,29.345,8.44,13.72,8.488,0.05,405,28.5,6.96,44,213.14
20040209,11:15,-55.7346,-2.11986,242.26,207.455,34.805,11.32,14.37,6.035,0.05,413,28.9,7.06,49,183.48
20040209,11:40,-55.753502,-2.09092,149.47,120.885,28.585,4.287,12.81,8.008,0.05,325,28.9,6.84,44,246.83
20040209,12:10,-55.773102,-2.10872,161.06,133.3,27.76,5.493,11.26,7.769,0.05,368,29.3,6.87,41,205.11
20040209,12:30,-55.750599,-2.12603,110.565,88.33,22.235,5.805,13.28,11.25,0.05,295,29.3,7,43,189.97
20040209,13:11,-55.736599,-2.15522,359.42,308.625,50.795,25.789,13.62,5.625,0.03,569,30.1,6.97,46,204.7
20040209,13:30,-55.695,-2.14858,281.611,243.333,38.278,16.411,12.05,8.759,0.05,483,29.4,7.16,43,125.78
20040209,13:54,-55.6525,-2.14211,97.536,79.191,18.345,6.507,19.41,5.096,0.08,257,30.4,7.4,48,121.75
20040209,14:34,-55.576199,-2.11447,163.923,144.319,19.604,5.885,14.46,6.098,0.06,331,29.8,7.15,44,153.41
20040210,10:13,-55.843399,-2.15994,96.33,84.903,11.428,5.508,19.75,4.706,0.1,221,29.3,7.1,51,232.15
20040210,11:02,-55.852501,-2.19642,63.235,50.062,13.174,5.694,12.7,5.137,0.1,165,30,6.81,38,256.06
20040210,11:17,-55.813599,-2.17731,71.215,58.694,12.521,5.322,16.27,4.637,0.1,202,29.5,7.25,46,141.09
20040210,11:44,-55.789501,-2.21708,84.697,68.594,16.103,6.252,8.257,4.559,0.1,224,30.1,6.79,28,172.73
20040210,12:43,-55.7836,-2.15283,213.173,185.492,27.681,8.134,10.88,5.556,0.05,398,30,6.99,37,157.92
20040210,13:01,-55.758099,-2.16614,137.346,118.693,18.654,4.312,11.33,4.278,0.06,317,29.8,6.98,38,167.84
20040211,11:30,-55.7397,-2.01225,188.726,172.731,15.995,1.139,20.85,6.803,0.1,425,29,6.64,50,559.81
20040212,9:20,-55.568298,-2.24731,117.508,100.75,16.758,6.698,5.579,7.164,0.08,275,29.4,6.72,25,132.12
20040212,10:22,-55.376099,-2.28017,104.39,94.003,10.388,14.341,17.6,4.315,0.1,252,30.8,7.61,48,69.78
20040212,10:48,-55.303101,-2.22328,55.615,48.104,7.511,6.492,18.82,4.51,0.1,175,32,7.65,50,67.55
20040212,11:11,-55.255199,-2.26717,49.029,42.495,6.533,11.443,14.88,5.449,0.15,118,31.4,7.04,42,193.71
20040212,11:39,-55.264099,-2.17828,56.867,48.61,8.257,13.955,19.73,7.493,0.15,153,29.7,7.71,51,63.33
20040212,12:00,-55.210999,-2.22939,55.974,47.467,8.507,11.555,19.74,5.477,0.15,137,32.2,7.79,50,51.81
20040212,12:47,-55.078602,-2.22078,161.5,149.8,11.7,2.3443,-9999,-9999,-9999,380,29.3,6.65,51,-9999
20040603,10:28,-55.311401,-2.22983,14.6429,8.82857,5.81429,19.667,14.67,8.817,0.45,34,29.5,7.51,36,73.51
20040603,10:51,-55.339199,-2.26236,14.0437,7.74875,6.295,27.785,12.63,7.841,0.6,27,29.5,7.68,30,43.69
20040603,11:25,-55.4021,-2.27208,12.8429,5.96857,6.87429,25.655,12.12,6.279,0.6,22,29.6,7.17,28,124.29
20040603,11:57,-55.474201,-2.21817,16.63,7.62857,9.00143,38.248,14.17,5.83,0.5,28,29.8,7.2,33,136.27
20040603,12:25,-55.548901,-2.25133,7.329,3.474,3.855,15.148,10.48,7.522,0.9,15,30,6.74,23,239.09
20040604,10:14,-55.116699,-2.24014,15.7171,10.8329,4.88429,8.239,15.68,6.075,0.4,43,29.4,7.12,37,177.61
20040604,11:36,-55.221901,-2.17875,17.1425,10.23,6.9125,21.312,15.16,4.978,0.45,38,30.7,7.72,36,47.34
20040604,11:55,-55.235699,-2.20233,16.24,8.18143,8.05857,26.231,14.41,5.358,0.45,31,31.2,8.45,36,8.49
20040604,12:34,-55.2309,-2.25706,13.0375,7.205,5.8325,14.134,11.81,4.377,0.65,18,30.2,6.88,27,210.52
20040604,12:58,-55.267601,-2.23456,17.3175,6.825,10.4925,48.822,11.89,6.362,0.5,25,30.2,8.63,32,4.66
20040605,11:58,-55.3508,-2.21083,14.6388,9.75875,4.88,15.652,14.58,15.29,0.5,34,29.5,7.37,35,98.66
20040605,12:27,-55.3741,-2.24425,15.0771,6.85,8.22714,38.293,14.67,6.892,0.5,32,30,8.2,35,15.58
20040606,10:08,-55.4599,-2.26661,13.1763,4.4375,8.73875,41.463,11.13,5.796,0.8,23,29.7,7.14,27,121.17
20040606,11:05,-55.459099,-2.17158,16.5271,9.43286,7.09429,21.984,14.07,4.996,0.55,35,29.4,7.87,33,31.85
20040606,11:26,-55.500301,-2.18047,15.71,8.92143,6.78857,31.092,13.25,7.171,0.65,29,29.7,7.91,31,27.34
20040606,13:10,-55.609299,-2.23689,6.548,3.51,3.038,10.631,9.37,13,1.2,11,30.2,6.24,21,424.3
20040607,10:04,-55.867802,-2.158,18.876,12.05,6.826,8.574,13.68,4.93,0.45,41,31.1,6.34,31,550.45
20040607,13:29,-55.852001,-2.19828,9.801,6.027,3.774,13.167,11.12,5.918,0.8,19,30.2,6.58,25,326.24
20040608,10:25,-55.788502,-2.22319,5.675,2.703,2.972,10.851,8.82,5.569,1.2,6,29.1,6.8,21,183.08
20040608,11:05,-55.812801,-2.17639,18.374,12.6,5.774,5.72,13.16,6.02,0.4,41,29.5,6.41,31,489.95
20040608,11:41,-55.786098,-2.13583,18.5529,9.93429,8.61857,43.044,13.19,5.091,0.5,32,29.9,6.86,30,244.12
20040608,12:08,-55.7589,-2.16536,12.3343,7.62286,4.71143,14.033,12.85,5.145,0.5,30,29.8,6.72,31,302.87
20040609,11:30,-55.760899,-2.06758,14.2857,10.6229,3.66286,1.594,13.2,6.595,0.4,81,28.9,6.15,32,656.02
20040609,12:25,-55.7729,-2.10836,9.2875,3.225,6.0625,37.645,12.91,5.035,0.75,21,29.8,6.82,31,256.63
20040609,12:52,-55.740101,-2.09161,13.4543,8.10714,5.34714,15.795,13.46,5.441,0.5,26,29.6,6.71,32,322.9
20040609,13:17,-55.750198,-2.12567,10.197,4.05,6.147,32.68,12.28,4.781,0.8,16,30,7.33,31,90.1
20040609,13:40,-55.7365,-2.15464,13.7557,5.67429,8.08143,33.749,13.69,11.31,0.6,22,30.3,7.2,31,131.14
20040610,9:43,-55.437401,-2.13903,19.0171,8.65714,10.36,43.285,12.74,6.397,0.4,44,29.4,8.34,33,9.87
20040610,10:12,-55.475899,-2.14472,18.8571,9.53571,9.32143,28.993,13.54,6.525,0.4,47,29.3,8.01,33,22.36
20040610,10:34,-55.515598,-2.15642,13.4937,5.91375,7.58,34.258,13.27,4.85,0.6,32,29.5,7.67,31,46.91
20040610,10:47,-55.541801,-2.16753,12.694,6.379,6.315,31.463,12.79,5.855,0.65,22,29.7,7.91,30,26.4
20040610,11:38,-55.652401,-2.17303,12.356,7.169,5.187,18.727,13.01,5.806,0.6,22,29.8,7.12,30,147.13
20040610,12:05,-55.612499,-2.17153,11.9237,6.30375,5.62,26.774,12.94,4.928,0.6,20,29.7,7.31,31,99.29
20040610,12:34,-55.567799,-2.15572,15.0688,7.2375,7.83125,37.741,12.9,6.029,0.55,33,29.9,7.88,31,28.42
20040610,13:01,-55.556801,-2.13331,14.2788,7.3775,6.90125,26.995,13.33,8.512,0.55,37,29.7,7.67,32,47.01
20040610,13:22,-55.528599,-2.11922,15.55,7.81571,7.73429,27.24,12.75,7.652,0.5,40,29.9,8.46,32,7.45
20040611,10:17,-55.398701,-2.12158,17.5863,10.8625,6.72375,31.683,13.46,4.979,0.5,37,29.2,7.68,33,46.65
20040611,10:30,-55.372501,-2.10928,13.6163,9.45375,4.1625,9.894,14.24,7.225,0.5,35,29.1,7.24,34,126.96
20040611,10:52,-55.407101,-2.09272,17.63,12.1817,5.44833,18.541,14.08,7.485,0.45,43,29.6,7.19,34,138.4
20040611,11:15,-55.438,-2.10961,17.88,8.05667,9.82333,40.284,12.98,5.597,0.45,42,29.7,8.4,32,8.73
20040611,11:59,-55.4944,-2.12461,19.3629,8.26,11.1029,60.554,12.59,5.165,0.45,39,30.1,8.74,32,3.81
20040611,12:27,-55.487301,-2.09875,17.0967,8.19667,8.9,40.512,14.73,5.635,0.45,34,30.4,8.38,36,10.29
20040612,9:39,-55.427601,-2.03678,50.272,43.598,6.674,0.787,13.12,6.477,0.25,119,28.3,6.61,31,372.26
20040612,9:58,-55.456699,-2.05211,34.61,28.186,6.424,1.155,12.4,5.638,0.25,107,28.7,6.58,31,366.98
20040612,10:10,-55.437801,-2.07233,18.5617,13.0467,5.515,10.972,13.36,7.259,0.4,51,29.7,7.13,33,148.11
20040612,10:41,-55.485298,-2.04522,14.4333,9.77167,4.66167,12.861,13.45,10.46,0.45,31,30.4,7,34,191.06
20040612,10:51,-55.4888,-2.07192,10.863,6.24,4.623,18.047,14.21,6.003,0.5,23,30.2,7.85,36,33.34
20040612,11:04,-55.5187,-2.08164,10.897,5.899,4.998,27.43,14.26,7.782,0.5,28,30.6,7.82,37,35.64
20040612,11:52,-55.522499,-2.01886,7.055,3.39357,3.66143,5.238,14.32,6.763,0.9,6,30.3,6.52,35,457.16
20040612,12:25,-55.5639,-2.00044,6.841,3.468,3.373,11.664,16.38,10.17,0.8,11,31,6.82,36,322.25
20040612,13:33,-55.572899,-2.06144,14.052,4.109,9.943,37.411,16.46,7.21,0.7,19,30.6,7.14,39,177.16
20040613,9:27,-55.616199,-2.13969,18.079,6.614,11.465,52.415,11.89,6.858,0.55,29,30.2,8.98,33,2.03
20040613,9:51,-55.5769,-2.0975,20.525,10.6725,9.8525,44.343,13.62,5.025,0.45,43,29.8,8.15,33,16.26
20040613,10:43,-55.624802,-2.09161,15.58,8.66125,6.91875,26.21,14.98,5.642,0.6,30,30.3,7.99,36,25.6
20040613,11:01,-55.6679,-2.08117,25.228,5.688,19.54,131.275,11.94,5.76,0.4,44,31.3,9.14,37,1.36
20040613,11:59,-55.698002,-2.10514,16.3431,6.31389,10.0292,48.121,13.02,5.325,0.45,31,31.3,8.92,34,2.53
20040613,12:33,-55.676399,-2.13831,16.7886,4.70429,12.0843,61.491,10.91,6.027,0.6,36,31.5,9.12,34,1.3
20040614,11:20,-55.674301,-2.04614,5.79571,1.50857,4.28714,14.402,13.78,6.184,1.1,5,31.1,6.66,33,354.58
20040614,12:10,-55.659599,-2.06142,11.663,6.74,4.923,12.585,15.83,7.248,0.65,25,31,7.33,37,114.9
20040614,12:37,-55.685501,-2.07508,25.478,4.702,20.776,119.566,13.24,8.173,0.4,49,32.1,9.19,37,1.32
20040616,10:21,-55.353699,-2.13306,12.1337,8.16,3.97375,13.674,14.3,6.921,0.65,34,29,7.38,34,95.23
20040616,10:59,-55.412899,-2.17394,18.4733,7.57167,10.9017,52.14,13.63,7.064,0.55,43,29.3,8.12,33,17.52
20040616,11:49,-55.3508,-2.16681,16.45,10.0171,6.43286,17.773,14.16,8.149,0.6,34,29.3,7.69,33,47.95
20040616,12:37,-55.301399,-2.1615,13.086,8.531,4.555,12.049,14.39,5.22,0.55,29,29.2,7.42,34,87.83
20040616,13:08,-55.262402,-2.1695,11.6067,7.46889,4.13778,12.89,14.63,6.352,0.6,24,29.6,7.28,35,119.47
20040619,9:29,-55.525799,-2.25394,11.3025,6.945,4.3575,19.406,10.17,5.7,0.7,20,29.2,6.75,23,229.55
20040619,10:25,-55.438801,-2.242,13.3837,6.37875,7.005,28.2,14.03,7.523,0.65,25,29,7.15,32,150.44
20040619,11:05,-55.403301,-2.27236,15.2963,7.00125,8.295,38.889,12.82,7.128,0.6,24,29.3,7.92,30,25.98
20040619,11:33,-55.368099,-2.28575,14.8,5.87625,8.92375,45.158,11.91,5.462,0.6,32,29.4,7.64,29,45.06
20040619,12:22,-55.310799,-2.22853,12.8263,6.71375,6.1125,31.655,13.73,5.991,0.55,27,29.3,8.23,34,13.72
20040619,12:55,-55.277,-2.19742,12.5913,5.5325,7.05875,29.176,13.85,7.503,0.6,29,29.4,8.5,34,7.41
20040619,13:25,-55.220901,-2.17781,12.4263,6.9575,5.46875,19.588,14.12,6.348,0.65,28,29.4,7.48,34,75.62
20040619,13:55,-55.155899,-2.19958,12.9225,8.09625,4.82625,11.359,15.1,4.787,0.65,27,29.4,7.55,35,69.45
20040619,14:10,-55.1558,-2.22706,11.7656,7.02,4.74556,12.947,14.73,6.393,0.6,27,29.3,6.5,35,486.68
20040619,14:30,-55.1987,-2.23428,15.7943,5.33714,10.4571,57.017,11.92,11.73,0.65,27,29.7,8.42,30,7.66
20040619,15:12,-55.0909,-2.19436,67.446,58.686,8.76,0.67,13.3,10.17,0.25,127,28.2,6.53,31,424.75
